timestamp,Inquisitor's_armour_set,Arcane_spirit_shield,Arcane_sigil,Sanguinesti_staff_(uncharged),Dragon_hunter_lance,Dragon_claws,Craw's_bow_(u),3rd_age_kiteshield,3rd_age_full_helmet,3rd_age_robe,Gilded_scimitar,Gilded_armour_set_(lg),Anglerfish,Manta_ray,Shark,Magic_logs,Smoke_battlestaff,Anguish_ornament_kit,Tormented_ornament_kit,Occult_ornament_kit,Torture_ornament_kit
1612828800000,531758548,159742245,157403161,89598655,73679496,58271575,7590228,26418867,14996731,25853229,15684097,12428341,1069,1179,693,999,1623892,8147963,5372897,4540167,6074573
1612915200000,526662014,159570496,157403161,90447500,73624175,58044464,7564829,26418867,14996731,26983397,15684097,12428341,1075,1157,687,1001,1638033,8159175,5379475,4571403,6111067
1613001600000,516622888,162185333,157403161,91182611,73511166,57758460,7565702,25936257,14645661,26983397,15579041,12415457,1074,1113,686,1005,1662862,8138829,5370166,4613401,6114629
1613088000000,504066391,161273868,157403161,89672160,73139192,57517809,7711682,25936257,14518212,28331365,15540581,12322524,1075,1076,682,1013,1690614,8091914,5329510,4631538,6073157
1613174400000,493944168,162010681,159107728,89856667,73209672,57684210,7630439,25641296,14518212,28331365,15536031,12322524,1082,1089,679,1020,1692036,8043285,5331919,4589457,5981485
1613260800000,476153559,163841864,159107728,89374865,73392075,57712444,7602915,25641296,14351026,29409389,15475001,12316005,1086,1077,680,1015,1674209,8014328,5340844,4551190,5923695
1613347200000,462337853,163193222,159107728,88823169,73441038,57992978,7578529,25442999,14351026,29409389,15494133,12316005,1094,1064,681,1011,1672886,8020328,5322657,4499156,5861560
1613433600000,441255618,163296139,159107728,88311831,73360354,57975423,7641120,25442999,14837117,29071056,15511033,12287738,1086,1046,679,1015,1675659,8208164,5366251,4493883,5782450
1613520000000,435106008,163005029,161077847,88341516,73557418,57866420,7945358,25671349,14837117,27704762,15569761,12302758,1086,1051,678,1014,1668583,8270870,5305213,4477461,5711353
1613606400000,455430181,164174162,161077847,88105300,73925118,58031272,7944762,25671349,15425801,27704762,15569761,12302758,1103,1099,675,1020,1675667,8309350,5265195,4450606,5643051
1613692800000,473416384,164530161,161077847,86599408,73843153,57980541,7920023,25212796,15425801,26319523,15602756,12265985,1106,1123,673,1028,1678913,8292420,5195667,4404399,5598798
1613779200000,455668510,165006190,161077847,85665495,74229713,57873382,7902034,25212796,15770639,26319523,15684241,12265985,1110,1121,672,1028,1673032,8266635,5176583,4393412,5545555
1613865600000,436657890,163418855,161077847,86078449,74224229,58205307,8019582,25537740,15770639,25003546,16006058,12272068,1116,1110,688,1022,1665402,8299691,5138640,4518114,5512994
1613952000000,437605441,163502148,162369275,85192492,74444717,58193091,8059001,25537740,16456995,23753368,16223588,12188626,1116,1126,691,1016,1648603,8303071,5177868,4500926,5515659
1614038400000,450620293,164627753,162369275,84304859,74613192,57862806,8337165,25818492,16456995,23753368,16200673,12188626,1094,1114,696,1023,1635476,8280969,5230174,4450555,5496686
1614124800000,460074063,165291544,162369275,82888784,74654653,57773079,8433358,25818492,17208580,22580667,16200673,12278172,1097,1141,711,1023,1633203,8229244,5220150,4382379,5483999
1614211200000,457374979,164429917,162369275,80318484,74587360,57537884,8727578,25402158,17208580,21456959,16398345,12356695,1092,1185,707,1023,1622314,8187870,5184898,4295426,5413846
1614297600000,444450072,157463709,162369275,79280998,74347058,57321435,8666249,25402158,18022986,21456959,16398345,12356695,1080,1209,695,1021,1609432,8126040,5197920,4182347,5413555
1614384000000,435693764,154096170,162033063,79049890,73973506,56864877,8853431,25951245,18022986,20770226,16646531,12300828,1095,1187,692,1015,1590347,8074964,5211993,4199344,5381105
1614470400000,447156479,153680680,162033063,81409435,73135662,56819754,8653533,25951245,18861771,20770226,16128278,12268416,1096,1193,680,1009,1588986,8106613,5191410,4246748,5308807
1614556800000,452358508,152486387,162033063,81284084,72543020,56607209,8380335,26850941,18861771,20080492,15984413,12152246,1088,1236,671,1007,1613219,8099498,5213619,4250677,5284432
1614643200000,448325193,151411868,162033063,79604356,72096501,56518835,8263027,26850941,19227711,20080492,15842189,12152246,1081,1197,664,1010,1594529,8009784,5237375,4208084,5274168
1614729600000,448120937,151764859,162033063,77468148,70969500,56080274,8104151,26464401,19227711,20548797,15633874,12219038,1082,1190,655,1013,1574328,7939466,5243190,4203198,5226324
1614816000000,448120937,151764859,162033063,77468148,70969500,56080274,8104151,26464401,19227711,20548797,15633874,12219038,1082,1190,655,1013,1574328,7939466,5243190,4203198,5226324
1614902400000,456012717,145693190,155260801,74579775,69093946,53646916,8019367,26498954,18616448,20268234,15473613,12278154,1076,1252,659,1014,1569157,7825688,5199719,4172909,5127281
1614988800000,459980500,140105895,155260801,74822661,68636247,53320956,8214745,26498954,17987365,20268234,15525507,12215366,1086,1189,683,1010,1557139,7830866,5137739,4115883,5092088
1615075200000,459449164,139332626,155260801,75770812,68393618,53482511,8259108,26814560,17987365,20438740,15525507,12215366,1087,1179,688,1001,1555265,8135835,5091169,4122176,5062311
1615161600000,462778359,141038988,155260801,77071739,68322442,54626629,8182736,26814560,17336738,20438740,15636893,12111634,1083,1173,703,996,1530511,8099765,4988138,4179328,5007374
1615248000000,461955676,139690357,155260801,78611958,68257104,55302830,8146850,27374280,17336738,20191859,15636893,12111634,1072,1119,729,996,1512777,8064448,4885931,4211352,4932255
1615334400000,462038426,144713458,148481707,80262988,69377377,56120969,8257551,27374280,17060271,20191859,15665436,11958413,1049,1113,728,1001,1484499,8031865,4888015,4240022,4955831
1615420800000,462682628,143844002,148481707,78655973,69264197,54421475,8295885,27912614,17060271,20171276,15665436,12037400,1078,1132,716,1005,1479815,7999580,4819600,4247170,4915115
1615507200000,464009596,143705327,148481707,76008899,68774862,53709734,8213601,27912614,17219268,20171276,15562213,12083421,1094,1160,710,1007,1503989,8016185,4758691,4295166,4910668
1615593600000,472704727,143346636,148481707,75458550,68507716,53625991,8267731,28713201,17219268,20044089,15565559,12083421,1114,1193,718,1004,1478931,8076540,4732749,4462227,5036862
1615680000000,477416428,143018969,148481707,74809834,68400621,53531065,8157554,28713201,17000118,20044089,15592331,12256752,1107,1185,710,999,1474788,8113466,4755862,4572146,5215424
1615766400000,474385726,142409146,142404925,74211788,68270464,53840598,8256080,29189677,17499203,19985668,15558717,12295272,1129,1178,725,999,1492774,8278864,4852570,4661110,5404956
1615852800000,468485155,141588992,142404925,73904046,68166965,53963027,8645225,29189677,17499203,19985668,15558717,12295272,1133,1167,735,1000,1489686,8406789,4795420,4655866,5402518
1615939200000,451923521,140451728,142404925,71951283,68164041,53947289,9058555,28761375,18298156,19856654,15640881,12223960,1164,1124,758,1004,1479851,8396134,4787194,4693513,5523886
1616025600000,431462567,140305832,142404925,70080384,68068787,53677779,9505379,28761375,18298156,19856654,15679036,12223960,1151,1088,760,1008,1464659,8437407,4905391,4677855,5418185
1616112000000,424664252,139828446,142404925,69055346,68018707,53439256,9844843,28070474,19173047,19582353,15679036,12266925,1145,1101,763,1008,1435136,8547079,4911344,4668417,5463911
1616198400000,412495980,138172575,142404925,70152175,67885454,53386173,9627243,28070474,19173047,19582353,15706593,12266925,1163,1116,782,1007,1401805,8734971,5135690,4660197,5480140
1616284800000,420337614,137137265,138790586,70569029,67753124,53276284,9182651,27750957,19824784,19342210,15995330,12487115,1171,1107,802,1007,1378307,8653437,5166949,4610830,5427834
1616371200000,416580443,136859428,138790586,70569789,67795323,53086368,9056441,27750957,19824784,19342210,16231470,12487115,1186,1106,831,1013,1367501,8557547,5090084,4480742,5381464
1616457600000,432662217,136306548,138790586,68541070,67555458,52872273,9053630,27692004,19508436,18942347,16278565,12528708,1197,1093,836,1028,1412539,8536725,5129488,4516809,5276376
1616544000000,445777841,136223576,138790586,67295327,67425977,52292808,9055685,27692004,19508436,18942347,16447245,12733209,1214,1134,850,1035,1417062,8488653,5080126,4490171,5272237
1616630400000,450655906,139944857,138790586,66898126,66979982,51796479,8943387,27460177,20194796,19726383,16571051,12733209,1195,1169,878,1040,1406221,8432230,4973642,4449741,5302000
1616716800000,449598817,139925859,136857423,66974399,66470892,51150083,8863452,27460177,20194796,19726383,16789303,12808729,1196,1145,892,1031,1392386,8343755,4938045,4414423,5311349
1616803200000,443106404,140254131,136857423,69000667,66059208,49940088,8945609,26956563,21083825,20710379,16918449,12740250,1223,1155,877,1027,1392884,8239374,4910168,4370571,5333641
1616889600000,448365413,142428645,136857423,71792921,66108835,49876990,8904179,26956563,21083825,20710379,17017235,12740250,1255,1157,873,1013,1383069,8201505,4981884,4436724,5406732
1616976000000,451989557,142920394,136857423,72028386,66243520,50659236,8752911,27012744,21873323,21734184,16982249,12717808,1298,1141,857,1010,1407591,8175156,5028525,4400343,5579401
1617062400000,468005213,140816391,139905928,70811984,66040415,51124950,8793358,27012744,21873323,21734184,16949484,12717808,1323,1138,848,1019,1415302,8121198,5075830,4347080,5642618
1617148800000,484516121,137373828,139905928,69018852,65285653,52347284,9169669,27085943,20811490,22751449,16898701,12773599,1295,1133,851,1030,1406676,8080806,5139546,4324775,5876603
1617235200000,482007974,136836430,139905928,68749488,64515544,52767809,9395249,27085943,20811490,23802999,16901516,12822295,1266,1147,863,1046,1429548,8163274,5171753,4328740,5813046
1617321600000,488857109,139904926,139905928,70738781,64190719,53796551,9234084,28259425,19779506,23802999,16910813,12983300,1263,1137,882,1043,1438194,8200891,5151692,4461509,5789029
1617408000000,500159118,142857450,139905928,71634503,64337355,53920054,9001167,28259425,19621755,24900612,16888274,13130367,1291,1174,909,1026,1476276,8200017,5185813,4484751,5886133
1617494400000,522029486,145127182,139868438,72106500,65055294,54312827,8947060,28124127,19621755,24900612,16979629,13130367,1297,1191,927,1016,1480081,8207812,5168567,4421821,6152965
1617580800000,512948123,143947033,139868438,70296645,66077756,53905912,9009279,28124127,20118211,26058059,17236517,13077213,1335,1202,925,1016,1461595,8205398,5025609,4369140,6225085
1617667200000,498866437,142893214,139868438,69067461,65786650,53591944,9067887,28133690,20118211,27307431,17262074,13052700,1320,1176,918,1016,1438214,8353438,4977575,4362279,6166398
1617753600000,478321809,140504891,139868438,69965578,65658669,53600659,9341994,28987566,20480203,28554471,17152961,13052700,1301,1146,909,1018,1418450,8354352,5047837,4525339,6128528
1617840000000,465372180,139607325,139868438,69858924,65616501,53660860,9415508,28987566,20480203,28554471,17059313,13030521,1277,1173,905,1018,1419340,8414908,5100224,4499247,6164933
1617926400000,478801115,139606549,140562140,69636836,65214618,54009057,9319898,30417768,21366671,27461699,17024045,13019429,1257,1168,915,1011,1404859,8477876,5113541,4498256,6398340
1618012800000,498628197,141153846,140562140,70784283,65190906,54495005,9257924,30417768,21366671,27461699,17046831,13019429,1240,1195,936,1006,1397559,8439652,5094232,4468505,6301064
1618099200000,503512535,141522376,140562140,70649136,66189586,54635510,9256608,31812563,22430416,26649916,17036010,13000354,1268,1185,951,998,1397461,8438993,5114556,4388333,6319067
1618185600000,490901811,141326367,140562140,70401632,66382914,55024983,9280667,31812563,22430416,26649916,16990672,13000354,1276,1173,959,999,1370638,8338286,5250079,4521695,6462586
1618272000000,486189961,140294588,140562140,69689401,65742076,55220816,9554063,33403192,23551937,26254517,17004070,13064624,1301,1155,974,1004,1349784,8337836,5188295,4545993,6436332
1618358400000,494354748,138311326,139610382,69401608,65378251,55624600,9583363,33403192,23551937,26254517,17211702,13064624,1324,1174,968,1002,1342311,8318075,5163723,4496752,6458246
1618444800000,502058853,140058246,139610382,69876609,65001965,55628236,9618670,35061155,24066639,25651797,17157330,13090738,1360,1210,951,997,1344540,8282848,5130930,4522181,6472366
1618531200000,493578427,141895946,139610382,69971111,64626838,55614568,9674075,35061155,24066639,25651797,17157330,13090738,1388,1215,946,993,1332386,8247692,5082401,4533503,6341668
1618617600000,490175198,141087814,139610382,69811376,63906457,55235062,9723220,35055137,23006149,26232921,17235055,13091580,1388,1223,935,992,1343260,8270112,4944347,4490541,6219023
1618704000000,490317580,139777860,139610382,69877523,63376566,55038529,9674780,35055137,23006149,26232921,17297063,13091580,1373,1248,932,989,1300652,8189927,4783726,4491391,6161892
1618790400000,494568262,139734849,138898578,69358309,62839179,54976636,9650826,34258109,21855841,27511043,17562627,13157894,1379,1248,934,991,1262355,8249195,4887702,4478331,6020498
1618876800000,490931944,136559972,138898578,68875076,62145907,54302799,9498282,34258109,21855841,28785085,17650128,13157894,1386,1207,940,993,1240820,8237655,4921539,4350888,5963232
1618963200000,491592473,136051478,138898578,68015790,60118557,53324016,9335153,35480319,21258650,28785085,17665407,13382773,1402,1197,964,995,1225430,7938653,4726126,4266179,5720219
1619049600000,484082747,134275870,138898578,65675683,57932125,51552610,9299437,35480319,21258650,30224340,17852382,13561590,1390,1183,959,999,1201537,7554419,4499756,4086008,5443056
1619136000000,471341582,131961970,138898578,64278368,57890187,51617188,9281195,34476149,21782818,31712666,18143132,13561590,1397,1160,951,1002,1187180,7179883,4312579,4061199,5283052
1619222400000,461166444,129361557,133502801,64671106,58848208,51158080,9234898,33213047,22392338,32864190,18270096,13717781,1417,1142,942,996,1175866,6958883,4151687,4045015,5127615
1619308800000,464257566,130050665,133502801,67323068,61268620,50714436,9304630,33213047,22392338,32864190,18107580,13889041,1482,1142,937,991,1168865,6932563,4124161,4029443,5187009
1619395200000,472685701,132554338,133502801,69499614,62782560,51222542,9541748,31553910,22454873,33710238,17935801,13991932,1489,1126,929,998,1182951,7038377,4096606,4037676,5253967
1619481600000,486018253,134526494,133502801,70289717,63374016,52784346,9869507,31368889,22454873,33710238,17885181,13991932,1487,1112,924,1017,1208502,6915668,3947984,3956701,5189274
1619568000000,486107379,134260285,131709269,70313118,64248776,53255014,9719714,32616779,22009551,33958475,17906476,13904011,1525,1106,928,1042,1202575,6916257,3832101,3846908,5183242
1619654400000,486744190,131497973,131709269,69313697,63631918,52586797,9627510,32616779,22009551,33958475,17906476,13904011,1567,1132,928,1041,1221969,7158515,3791767,3661419,5097824
1619740800000,487433811,131459053,131709269,69304670,63490297,52604377,9418582,33750609,22123650,33958475,17880812,13838870,1556,1103,972,1032,1240505,7281302,3839843,3590548,5099382
1619827200000,495349502,130818858,131709269,68971558,62868243,52474127,9427250,33750609,22123650,33669231,17617196,13898270,1577,1108,967,1016,1226116,7447329,3902746,3574335,5263541
1619913600000,498223905,130821356,131709269,69231704,62566339,52263610,9405203,34026760,21949120,33669231,17634526,13966294,1596,1104,952,1004,1211179,7532560,4067496,3725130,5490452
1620000000000,495986105,130551550,129655112,68994105,61719334,52392515,9529381,34026760,21949120,32166863,17574367,14180372,1572,1095,947,1010,1235626,7517430,4192913,3910939,5593471
1620086400000,502377951,129646645,129655112,68495548,61457277,52332681,9691081,34316984,21949120,32166863,17574367,14180372,1570,1110,950,1014,1250711,7617207,4188747,4017189,5645824
1620172800000,521023053,126505935,129655112,66672153,59845630,51691110,9593240,34316984,21814245,31559321,17594838,14388228,1547,1101,948,1012,1236487,7586071,4110038,4126231,5553276
1620259200000,528963518,121901601,129655112,64586665,58286758,50356492,9419911,35071819,21814245,31559321,17681165,14477447,1489,1095,934,1027,1269007,7399632,4072975,4049972,5307411
1620345600000,522026817,124052785,129655112,65889592,58825579,50866370,9535437,35071819,21923947,31897191,17822097,14512165,1431,1087,929,1025,1282537,7056854,4029968,3856226,5043107
1620432000000,502152641,119463763,129655112,65159842,57546238,50132880,9549439,36803946,22067272,31897191,17780246,14703647,1458,1103,925,1034,1271887,6905173,3859243,3781053,4815366
1620518400000,514977487,120841885,124112274,65566403,57562764,50237656,9546703,36803946,22067272,32121066,17780246,14703647,1530,1126,907,1032,1272245,6886375,3741955,3726946,4790773
1620604800000,520258693,119601372,124112274,65541179,58098922,50483090,9551477,38008123,22393328,32121066,17737810,14631316,1563,1095,864,1037,1258932,7088020,3895865,3822770,4959825
1620691200000,517811530,118985543,124112274,65232259,58305659,50472246,9704653,36558704,22559193,33076976,17766028,14582144,1548,1090,841,1044,1256767,7133756,3985219,3843050,4915830
1620777600000,517823893,119129973,124112274,65011323,58276113,50464592,9751345,36558704,22559193,33076976,17766028,14582144,1554,1121,836,1030,1256566,7081329,4013062,3891669,4818991
1620864000000,538983963,120571263,124112274,65414433,57931476,50486084,10080390,36395717,22567340,34625414,17728962,14569422,1546,1169,813,1018,1212848,7104801,4098488,3953561,4944535
1620950400000,558869251,120936773,124112274,65749534,57919044,51326693,10382061,36395717,22567340,34625414,17728962,14569422,1479,1228,792,1016,1229311,7165181,4229602,4086663,5157430
1621036800000,581263527,122079831,118889597,67231627,58378887,52424056,10221617,37144655,22695142,36251760,17676019,14528612,1520,1258,791,1017,1194682,7134576,4387280,4194813,5133469
1621123200000,580195355,123193380,118889597,68162225,58857805,53384727,10185423,37942959,22695142,36251760,17613111,14527213,1502,1218,790,1010,1182151,7301217,4526603,4392552,5248947
1621209600000,565538426,123728862,118889597,68361544,59206185,53583664,10099143,39698893,23447447,37927539,17589655,14535878,1509,1243,806,1015,1151587,7573628,4720351,4494527,5422019
1621296000000,570574115,124379326,121553525,68469525,59222308,53647992,10291576,41387399,24619820,39746746,17523741,14495347,1504,1276,829,1023,1144286,7568709,4927724,4719254,5377405
1621382400000,583487892,124239424,121553525,67858191,58915739,53300804,10268752,43154250,24619820,39746746,17523741,14495347,1492,1261,840,1023,1146025,7477859,5022389,4955217,5563503
1621468800000,583060770,122989173,121553525,67327100,58787584,52660293,10356855,45185213,25850811,41112848,17463767,14483758,1535,1297,842,1027,1159389,7417946,4894889,5046261,5519497
1621555200000,589120268,122582143,121553525,66866446,58765496,52302770,10582486,45185213,25850811,41112848,17353152,14483758,1588,1360,837,1025,1131121,7438215,4807743,4817793,5444715
1621641600000,599130836,122752312,121685428,66411793,58639673,52266926,10595038,47444474,25923084,39057205,17209432,14423082,1631,1416,862,1020,1132613,7565782,4798834,4979168,5617128
1621728000000,622276650,123274383,121685428,67010236,58866370,52445157,10583808,47444474,25923084,39057205,17206204,14423082,1638,1441,901,1009,1131613,7834773,4724160,5159345,5628933
1621814400000,622801682,122906842,121685428,67201016,59866129,52668801,10632358,47882070,25590038,37104344,17190426,14382908,1597,1403,917,1004,1121892,7908441,4806791,5216088,5653833
1621900800000,646775421,122543307,121685428,66358285,59961677,52694488,10684317,45620860,26421781,37104344,17111201,14358480,1615,1419,906,997,1104989,7679844,4779676,5169052,5552549
1621987200000,658254050,123185942,121922353,67067607,61043674,53299170,10977684,46576302,27272316,36636879,17152395,14383603,1619,1430,896,999,1087184,7521479,4693792,5084678,5558668
1622073600000,625819749,122643503,121922353,69504848,60742555,55155468,11177355,48556955,28554578,38342945,17102812,14383603,1605,1406,888,1003,1082839,7386172,4636124,5093832,5487007
1622160000000,615174982,123031093,121922353,72956343,60473040,55869729,11433170,48556955,28554578,38342945,17085925,14377541,1623,1394,882,1003,1092475,7367977,4611324,5011322,5400387
1622246400000,616424484,122807513,121922353,75152356,59980107,56407990,11829402,47121816,29838303,38424338,17006261,14377541,1610,1363,873,995,1066283,7304252,4517474,5131198,5465897
1622332800000,630212409,123642488,121893887,74683230,59894512,56037046,12336602,47121816,28424568,38424338,16917452,14408592,1653,1354,868,986,1090223,7413225,4619669,5084235,5551655
1622419200000,624581113,125392971,121893887,74333214,59918952,56066196,12886313,45144090,28424568,38398889,16808735,14408592,1727,1395,873,990,1077256,7412755,4706050,5046297,5678593
1622505600000,614178320,126041630,121893887,74079140,59829176,56175143,13520264,46336070,28583652,40164606,17118975,14422621,1722,1457,881,993,1082861,7280998,4681050,4967374,5513414
1622592000000,592468604,125854734,123950207,72057245,59731253,56476500,13541926,47916515,29843411,42005174,17045179,14422621,1665,1524,880,998,1083647,7250166,4630996,4990319,5451171
1622678400000,589073991,124526240,123950207,70679410,59425732,57400277,13106234,50005282,31161524,42005174,17042213,14536500,1648,1529,887,1010,1094849,7331417,4536608,4975532,5318233
1622764800000,593790604,121899869,123950207,69022131,58240925,58359730,12843081,50005282,31161524,43956743,17042213,14536500,1688,1541,879,1029,1087901,7427338,4591806,5045598,5258992
1622851200000,595913864,121203016,123950207,67909050,57660729,60436027,12241129,51506603,32235564,43956743,17113569,14681569,1760,1523,874,1028,1091997,7472732,4585187,5055620,5135448
1622937600000,589598716,120343217,121974486,68073547,57504858,60528567,11766658,51506603,32235564,46072656,17124625,14681569,1791,1446,892,1030,1127670,7614592,4554825,5188656,5205201
1623024000000,578753528,119866211,121974486,67381191,57440309,60768645,11593224,48960353,30678261,46072656,17019454,14558896,1796,1381,902,1033,1147613,7733453,4576265,5345878,5297104
1623110400000,552382300,116786550,121974486,65076236,57091554,59595563,11655170,48960353,30678261,48215157,16955841,14558896,1712,1316,900,1038,1137042,7718241,4437651,5177565,5307115
1623196800000,542367603,113058040,121974486,62451785,55832554,58310264,11826754,48290116,31246740,48215157,16955841,14462164,1657,1251,892,1046,1107607,7757200,4293876,5122504,5369645
1623283200000,528808551,110675140,121974486,61454645,55365598,57805520,12149485,48290116,31246740,50434634,16938823,14394037,1680,1235,891,1033,1105631,7636834,4100699,4888431,5263411
1623369600000,540044267,110894052,121974486,61324735,55520526,57656518,12617205,48535664,31382065,50434634,16881256,14394544,1754,1282,890,1026,1115175,7360818,4118327,4729582,5219238
1623456000000,561864106,111849664,121974486,61532749,55413401,56770974,12902456,48535664,31382065,52822784,16785711,14394544,1761,1261,902,1019,1099253,7454779,4071132,4669220,5183833
1623542400000,578014336,114155851,116766492,61408928,55179307,57550924,13147421,48535664,30266453,52822784,16785711,14332755,1806,1248,909,1007,1105278,7687041,4085479,4724204,5181693
1623628800000,571184379,116157129,116766492,60675298,55042358,57931200,13287804,46281084,30266453,55333815,16603564,14283597,1831,1277,904,1009,1116906,7671550,4071136,4817247,5178395
1623715200000,550193738,113899671,116766492,60268769,54553141,57661254,13365098,46281084,30266453,55333815,16603564,14283597,1811,1338,907,1011,1127304,7748961,4032667,4838483,5182350
1623801600000,528670367,109149707,116766492,57653421,52811000,55274820,12828433,46281084,30082309,57966448,16512208,14329038,1790,1359,906,1008,1119594,7458817,3942936,4730452,5157996
1623888000000,523253341,110775492,116766492,58597674,52805303,54118647,12437570,45067576,30082309,57966448,16404438,14329038,1792,1412,900,1015,1120496,7391344,3827252,4630057,5184453
1623974400000,529904089,111232500,116766492,58980733,53041439,53907362,12180633,45067576,30082309,60693395,16404438,14328286,1799,1449,897,1012,1134421,7350097,4001336,4538348,5120168
1624060800000,537413750,111311059,116766492,58954321,53860447,54540535,12117256,45067576,30033081,60693395,16359019,14328286,1878,1481,907,1008,1148122,7521217,4157529,4524293,5243018
1624147200000,542498821,111771214,111961729,59054042,54276648,54839128,12143009,45511525,30033081,63360442,16279079,14239961,1938,1503,936,997,1187050,7593127,4330273,4513567,5303861
1624233600000,538900178,112694704,111961729,59619244,54065797,55059329,11997154,45511525,30845776,63360442,16279079,14239961,1978,1468,935,996,1180562,7575699,4546787,4642351,5354492
1624320000000,539161397,114472656,111961729,59416179,54038419,55296306,12108322,45511525,30845776,66071860,16245361,14148724,1951,1468,960,1000,1179458,7550123,4684200,4579715,5430240
1624406400000,538446045,113297519,111961729,58047873,53807225,55299885,12685627,44691849,30034623,66071860,16245361,14148724,1889,1430,973,1003,1210305,7663976,4489419,4437368,5318898
1624492800000,534570543,112030051,112433315,56482805,53471073,54829998,13310519,44691849,30034623,66071860,16232993,14104067,1864,1444,973,1000,1232945,7594950,4418894,4303784,5277891
1624579200000,533797425,107969844,112433315,53948431,52188690,53503813,13776758,43181617,28595441,66461403,16456323,14104067,1808,1428,969,993,1224695,7562074,4217088,4242118,5238960
1624665600000,526912256,107330402,112433315,51326051,50902006,52628176,14379528,43181617,28595441,66461403,16456323,14017887,1774,1433,965,988,1246491,7406756,4009040,4090685,5204203
1624752000000,516447199,107652690,112433315,50118061,49901348,51821327,14221982,43181617,27790315,66461403,16600325,14017887,1822,1503,972,983,1232556,7331248,3808812,4107406,5136446
1624838400000,508871129,107824594,112433315,49158044,48009113,50514159,13768682,41058596,27790315,63138332,16600325,14035725,1808,1539,987,980,1193551,7196314,3646041,4191588,5074787
1624924800000,506219992,106814609,112433315,49090672,48007751,50326124,13809438,41058596,28915282,63138332,16515880,13763866,1780,1497,987,986,1205509,6898172,3487581,4141065,4852103
1625011200000,507333316,105566318,107407560,50501726,47421648,51147420,13880713,39625589,28915282,59981415,16478137,13763866,1791,1482,987,986,1235543,6656154,3386911,3935301,4647459
1625097600000,492339527,100711894,107407560,50192554,45129459,52792885,14256231,39625589,28039541,59981415,16473862,13734028,1814,1472,992,980,1254566,6445251,3254367,3738535,4444205
1625184000000,515176673,96213316,107407560,49039309,44620735,54132328,14956379,39625589,28039541,57064914,16473862,13734028,1858,1447,990,976,1256583,6369293,3178469,3551608,4279044
1625270400000,526689210,92199654,107407560,46930034,42543909,52187440,15647138,37644580,28039541,57064914,16485336,13759022,1829,1421,985,962,1282327,6194918,3084751,3381390,4133544
1625356800000,515163939,95931582,107407560,48193917,43954254,52198798,16177793,37644580,26642223,54211668,16434918,13431386,1859,1396,990,919,1259801,6133235,2950411,3219336,3945234
1625443200000,536946896,99425931,107407560,50603548,46146624,53668845,16891590,37478528,25310111,54211668,16399589,13386484,1900,1380,988,913,1253788,6053350,2911323,3087172,3819643
1625529600000,557646763,100370826,107407560,53088597,48453956,54555566,17736170,37478528,25310111,54211668,16392084,13386484,1948,1406,993,912,1266273,6214342,3056890,3240267,3804615
1625616000000,580414536,103064086,102540855,55659177,50735949,56554404,18521787,36900273,24044605,51501084,16320190,13220917,1922,1403,993,922,1276929,6211773,3208225,3388561,3927549
1625702400000,595975841,100682987,102540855,57825924,51427983,55742916,18127666,36900273,24044605,51501084,16244176,13220917,1904,1428,990,943,1272524,6139460,3257026,3534206,3978273
1625788800000,616004346,103158421,102540855,58215733,51658903,56514695,17956801,36900273,24044605,51501084,16244176,13149622,1901,1462,986,948,1248197,6172787,3419878,3473674,4143579
1625875200000,635559173,107306565,102540855,59036919,53510522,57107469,18012681,35132352,22842757,48926029,16340806,13149622,1912,1450,990,947,1263482,6129208,3581980,3547318,4115120
1625961600000,638844838,107493920,104006946,60578011,55146566,57887195,18019165,35132352,22842757,48926029,16521178,13218604,1954,1487,1010,941,1282904,6307975,3696373,3709806,4234836
1626048000000,608900629,106191070,104006946,58552033,53304125,57622484,17794289,34341565,22508022,50104783,16369922,13218604,2019,1482,1007,947,1288866,6497565,3846164,3815202,4406161
1626134400000,587732754,103858350,104006946,56101702,52134399,57809368,18097562,34341565,22508022,50104783,16405083,13315539,1934,1496,1010,952,1276799,6578870,3828283,3830241,4283124
1626220800000,586270232,102316144,104006946,54881774,51025798,57906438,18515341,34899811,22227297,52358239,16405083,13315539,1908,1467,1018,955,1307435,6405456,3732422,3788892,4116563
1626307200000,582521717,102581948,104006946,55595880,51264016,57870130,18192228,34899811,22227297,52358239,16673452,13381755,1912,1516,1006,962,1290780,6402884,3780414,3793357,4116318
1626393600000,601949669,103788002,104006946,56943983,51230897,58031289,18535235,34468397,21812535,54789334,16769466,13381755,1942,1559,1032,961,1273305,6616882,3828114,3952394,4210561
1626480000000,610249693,104555223,104006946,57635512,52089838,58140481,18882082,34468397,21812535,54789334,16769466,13325227,1944,1519,1048,956,1271489,6702493,3982006,3946119,4278281
1626566400000,596754178,104982431,104006946,57849188,51932275,58731023,19324338,34794804,21812535,57330942,16782141,13171449,1932,1496,1053,943,1272006,6633899,3926922,3981641,4201435
1626652800000,593961789,105265096,104028079,57678617,51296250,59107799,18592097,34794804,21784957,57330942,16782141,13171449,1960,1534,1041,935,1278699,6693350,4017489,4146108,4353690
1626739200000,592359064,104795468,104028079,58904048,51276947,59217818,18885040,35069550,21784957,60033943,16725367,13135532,1996,1539,1029,937,1266270,6712572,4018567,4178676,4315628
1626825600000,598333606,105324936,104028079,59796011,51745952,59840286,19237916,35069550,21858339,60033943,16712002,13096254,2009,1555,1021,942,1233155,6691121,4097202,4360635,4442355
1626912000000,581835922,104358019,104028079,57824157,51489471,59581981,19184224,35778513,21858339,58434408,16706990,13096254,1925,1543,992,941,1172224,6694530,3943906,4325524,4526954
1626998400000,577384194,104191615,104028079,58380673,51220506,59664132,19348992,35778513,21858339,58434408,16706990,13193340,1909,1594,985,933,1120881,6795478,4077372,4358571,4534326
1627084800000,585692980,104220181,104028079,59525754,51677770,59738586,19616699,37002996,22229127,58434408,16739409,13193340,1895,1552,984,927,1099585,6776566,3919382,4428756,4495551
1627171200000,588764283,104461434,104028079,59189988,51639547,60095344,19739180,37002996,22229127,55512687,16852213,13183720,1877,1550,990,909,1079118,6622388,4054517,4518531,4452127
1627257600000,582218361,104134684,104028079,57602400,51625641,59763012,19575818,37404078,23131499,52841361,16728551,13183720,1873,1512,992,909,1040126,6591541,4011660,4640726,4363477
1627344000000,583951013,103458065,104028079,56209090,51366776,59747301,19329763,37404078,23131499,52841361,16728551,13145293,1863,1528,985,916,1003743,6487116,3849501,4457572,4320692
1627430400000,582982704,101342594,103329493,55638855,50878226,59664213,19481259,37404078,23131499,50362590,16772091,13145293,1896,1573,984,917,985510,6373859,3753414,4344097,4271800
1627516800000,570434871,99260563,103329493,56465841,50212914,59741465,19813198,36298756,23103882,50362590,16773128,13123359,1910,1629,974,923,961629,6173161,3704773,4217737,4367214
1627603200000,555424615,98705095,103329493,56631448,49976458,59903125,19873699,36298756,23103882,47915722,16773128,13123359,1898,1631,968,918,982115,6131529,3682024,4020996,4344009
1627689600000,549647964,98836295,103329493,57274834,49482117,60514658,19722690,35674997,22306976,45595960,16759856,13268044,1878,1631,962,909,976536,6233849,3737420,3887741,4356293
1627776000000,523954016,103109699,107000405,57216387,48492541,60486238,19299523,35674997,22306976,43423548,16710073,13268044,1897,1643,961,906,965007,6238265,3793001,3734153,4353147
1627862400000,533865516,108265184,111933717,57261956,48693517,60725262,19096577,34206000,21915784,43423548,16710073,13208116,1835,1669,949,916,953016,6235644,3719881,3731552,4270950
1627948800000,541822591,113674637,116593442,57872786,49171874,61461001,19204204,34206000,21915784,41339303,16759665,13208116,1828,1679,945,920,955494,6188673,3667287,3664813,4216851
1628035200000,536556648,119350404,121150269,58058459,49321850,62107744,19165581,33392326,21915784,41339303,16789072,13223477,1802,1663,937,917,964409,6191429,3582040,3767472,4177199
1628121600000,540476483,125317925,126710145,58757556,48919965,62546350,19089942,33392326,21778406,39272337,16848250,13608361,1780,1683,928,925,959137,6143938,3416401,3697071,4153906
1628208000000,533737999,131409320,132263363,58867309,48827658,62817342,19070285,33425365,21778406,39272337,16758903,13451443,1755,1649,932,932,950836,5938676,3267910,3566006,4095264
1628294400000,527787346,133968956,132263363,58594725,49155371,62488242,18932906,33425365,21977137,39272337,16758903,13451443,1696,1660,935,932,965822,5699387,3160237,3552384,4100462
